City_ID,City,Country,Lat,Lng,Max Temp,Humidity,Cloudiness,Wind Speed,Conditions
0,Ushuaia,AR,-54.8,-68.3,46.06,61,75,4.61,broken clouds
1,Vardo,NO,70.3705,31.1107,46.38,93,75,28.77,broken clouds
2,Erzin,TR,36.9559,36.2,71.71,80,0,1.14,clear sky
3,Port Alfred,ZA,-33.5906,26.891,62.67,76,100,14.63,overcast clouds
4,Hobart,AU,-42.8794,147.3294,57.06,90,75,6.91,moderate rain
5,Teeli,RU,51.0333,90.2333,33.19,82,29,1.86,scattered clouds
6,Lompoc,US,34.6391,-120.4579,59.41,51,5,6.85,clear sky
7,Kananga,CD,-5.8958,22.4178,74.21,69,72,0.43,broken clouds
8,Punta Arenas,CL,-53.15,-70.9167,48.31,46,75,25.32,broken clouds
9,Saint George,US,37.1041,-113.5841,79.43,29,0,1.01,clear sky
10,Tokur,RU,53.1333,132.9,21.4,86,97,3.8,overcast clouds
11,Komsomolskiy,UZ,40.4272,71.7189,59.72,38,0,6.91,clear sky
12,Cizre,TR,37.3272,42.1903,83.95,17,0,3.89,clear sky
13,Mataura,NZ,-46.1927,168.8643,43.48,88,81,2.1,broken clouds
14,Tessalit,ML,20.1986,1.0114,98.58,11,46,9.1,scattered clouds
15,Sur,OM,22.5667,59.5289,82.8,63,70,8.14,broken clouds
16,Busselton,AU,-33.65,115.3333,51.89,69,99,4.45,overcast clouds
17,Husavik,IS,66.0449,-17.3389,37.06,99,100,13.73,overcast clouds
18,Eldorado,BR,-23.7869,-54.2836,72.09,75,78,11.36,moderate rain
19,Riberalta,BO,-10.9833,-66.1,95.2,46,75,17.27,broken clouds
20,Khani,GE,41.9563,42.9566,56.77,94,64,1.74,broken clouds
21,Atuona,PF,-9.8,-139.0333,76.84,76,69,23.44,broken clouds
22,Albany,US,42.6001,-73.9662,74.68,60,7,3.18,clear sky
23,Cairo,EG,30.0626,31.2497,77.76,50,0,11.5,clear sky
24,Saint-Philippe,RE,-21.3585,55.7679,71.19,79,38,13.0,scattered clouds
25,Salalah,OM,17.0151,54.0924,78.64,82,100,3.58,overcast clouds
26,Barrow,US,71.2906,-156.7887,40.41,71,100,28.12,overcast clouds
27,Avarua,CK,-21.2078,-159.775,75.25,64,20,12.66,few clouds
28,Kapaa,US,22.0752,-159.319,71.1,76,22,7.58,few clouds
29,Dogondoutchi,NE,13.6393,4.0287,94.6,27,76,9.53,broken clouds
30,Rikitea,PF,-23.1203,-134.9692,69.71,67,89,24.05,overcast clouds
31,Ixtapa,MX,20.7,-105.2,86.23,72,30,4.0,scattered clouds
32,Cape Town,ZA,-33.9258,18.4232,63.09,76,75,9.22,light rain
33,Khatanga,RU,71.9667,102.5,19.29,95,100,14.05,overcast clouds
34,Muros,ES,42.7762,-9.0603,73.15,75,1,9.53,clear sky
35,Mount Isa,AU,-20.7333,139.5,71.37,78,11,3.44,few clouds
36,Buala,SB,-8.145,159.5921,78.78,81,79,5.46,light rain
37,Churapcha,RU,62.0025,132.4325,23.45,93,100,3.44,overcast clouds
38,Abbeville,FR,50.1,1.8333,59.49,81,14,4.23,few clouds
39,Georgetown,MY,5.4112,100.3354,80.53,90,20,1.14,few clouds
40,Leshukonskoye,RU,64.8989,45.7622,45.86,86,99,11.43,overcast clouds
41,Sitka,US,57.0531,-135.33,59.45,85,86,2.64,overcast clouds
42,Sao Filipe,CV,14.8961,-24.4956,80.38,80,47,11.97,scattered clouds
43,Olafsvik,IS,64.8945,-23.7142,41.7,69,99,13.56,overcast clouds
44,Vaini,TO,-21.2,-175.2,71.76,94,20,3.44,few clouds
45,Lagoa,PT,39.05,-27.9833,70.21,84,21,13.04,few clouds
46,Tupik,RU,54.4253,119.9327,27.0,63,49,2.17,scattered clouds
47,Pangnirtung,CA,66.1451,-65.7125,30.0,94,100,2.91,light snow
48,Belousovka,KZ,50.1339,82.5239,36.45,56,20,2.24,few clouds
49,Belaya Gora,RU,68.5333,146.4167,22.28,82,99,15.97,overcast clouds
50,Espanola,US,35.9911,-106.0806,62.28,73,86,1.01,overcast clouds
51,Dikson,RU,73.5069,80.5464,31.8,99,100,23.55,light snow
52,Shizunai,JP,42.3339,142.3669,45.05,66,82,8.28,broken clouds
53,Samarai,PG,-10.6167,150.6667,79.72,84,92,8.95,overcast clouds
54,Manzanillo,CU,20.3433,-77.1167,87.39,65,51,10.65,broken clouds
55,Peleduy,RU,59.6289,112.7406,28.96,97,100,1.45,light snow
56,Kodiak,US,57.79,-152.4072,49.71,97,49,6.67,scattered clouds
57,Arraial Do Cabo,BR,-22.9661,-42.0278,76.86,73,40,23.02,scattered clouds
58,Bredasdorp,ZA,-34.5322,20.0403,58.21,83,98,9.51,overcast clouds
59,Puerto Ayora,EC,-0.7393,-90.3518,75.16,89,83,4.0,broken clouds
60,Severo-Kurilsk,RU,50.6789,156.125,42.64,63,61,12.8,broken clouds
61,Atbasar,KZ,51.8,68.3333,52.3,45,98,8.59,overcast clouds
62,Tura,IN,25.5198,90.2201,72.07,97,36,3.0,scattered clouds
63,Tuktoyaktuk,CA,69.4541,-133.0374,33.8,100,75,23.02,broken clouds
64,Ahipara,NZ,-35.1667,173.1667,51.37,64,74,8.03,broken clouds
65,Mogoytuy,RU,51.2833,114.9167,25.65,55,13,2.95,few clouds
66,Vostok,RU,46.4856,135.8833,26.26,67,12,5.57,few clouds
67,Port Elizabeth,ZA,-33.918,25.5701,62.89,78,0,19.57,clear sky
68,Marystown,CA,47.1666,-55.1483,59.22,71,93,8.63,overcast clouds
69,Grenfell,AU,-33.9,148.1667,52.84,97,70,3.65,broken clouds
70,Yelizovo,RU,53.1873,158.3805,33.94,100,40,7.0,scattered clouds
71,Evensk,RU,61.95,159.2333,21.81,56,89,8.08,overcast clouds
72,Ponta Do Sol,PT,32.6667,-17.1,76.71,76,16,3.98,few clouds
73,Luderitz,NA,-26.6481,15.1594,62.47,56,17,26.96,few clouds
74,Vila Velha,BR,-20.3297,-40.2925,80.55,74,75,11.5,broken clouds
75,Ambon,ID,-3.6954,128.1814,77.14,94,20,6.91,few clouds
76,Thompson,CA,55.7435,-97.8558,30.36,64,75,9.22,broken clouds
77,Thinadhoo,MV,0.5333,72.9333,81.57,78,57,19.8,light rain
78,Leningradskiy,RU,69.3833,178.4167,33.93,67,100,27.38,overcast clouds
79,Geraldton,AU,-28.7667,114.6,45.01,87,14,5.75,few clouds
80,Acapulco,MX,16.8634,-99.8901,84.42,67,51,5.7,broken clouds
81,Jamestown,US,42.097,-79.2353,68.72,47,75,6.91,broken clouds
82,Salta,AR,-24.7859,-65.4117,78.58,24,0,6.91,clear sky
83,Babu,CN,24.4167,111.5167,62.2,75,61,8.79,broken clouds
84,Paamiut,GL,61.994,-49.6678,37.17,74,70,1.92,broken clouds
85,Carnarvon,AU,-24.8667,113.6333,63.01,61,26,26.8,scattered clouds
86,Chokurdakh,RU,70.6333,147.9167,17.47,91,81,12.68,broken clouds
87,Bon Air,US,37.5249,-77.5578,79.09,45,37,5.01,scattered clouds
88,Aklavik,CA,68.2191,-135.0107,33.4,88,99,12.35,overcast clouds
89,Mar Del Plata,AR,-38.0023,-57.5575,64.42,83,75,8.05,broken clouds
90,Elko,US,41.0002,-115.5012,64.74,27,6,1.01,clear sky
91,Saint-Louis,SN,16.3333,-15.0,101.98,22,7,5.88,clear sky
92,Mocuba,MZ,-16.8392,36.9856,75.47,64,0,6.51,clear sky
93,Sao Joao Da Barra,BR,-21.6403,-41.0511,78.89,83,76,14.32,broken clouds
94,Bathsheba,BB,13.2167,-59.5167,86.61,70,40,19.57,scattered clouds
95,Half Moon Bay,US,37.4636,-122.4286,79.88,83,100,5.75,mist
96,Hermanus,ZA,-34.4187,19.2345,57.79,78,92,11.68,light rain
97,Pangody,RU,65.85,74.4859,35.04,81,100,14.43,overcast clouds
98,Kirakira,SB,-10.4544,161.9205,77.63,85,96,6.4,overcast clouds
99,Esil,KZ,51.9556,66.4042,53.69,26,99,9.82,overcast clouds
100,Mayumba,GA,-3.432,10.6554,76.46,86,92,9.62,overcast clouds
101,Hami,CN,42.8,93.45,52.5,29,0,3.56,clear sky
102,Cabo San Lucas,MX,22.8909,-109.9124,90.18,54,3,3.58,clear sky
103,Wuda,CN,39.4994,106.7117,49.68,32,0,7.14,clear sky
104,La Ronge,CA,55.1001,-105.2842,40.48,39,0,6.93,clear sky
105,Naron,ES,43.5167,-8.1528,72.45,87,76,13.18,broken clouds
106,Merauke,ID,-8.4667,140.3333,78.93,88,100,13.82,overcast clouds
107,Tigil,RU,57.8,158.6667,32.47,99,83,10.94,snow
108,Souillac,MU,-20.5167,57.5167,70.54,72,36,14.09,scattered clouds
109,Bluff,NZ,-46.6,168.3333,43.81,69,32,6.46,scattered clouds
110,Cherskiy,RU,68.75,161.3,24.87,87,100,22.64,overcast clouds
111,Faya,SA,18.3851,42.4509,68.41,33,66,7.2,broken clouds
112,Ust-Nera,RU,64.5667,143.2,3.7,97,94,2.98,overcast clouds
113,Mtwara,TZ,-10.2667,40.1833,73.67,79,3,7.49,clear sky
114,Honningsvag,NO,70.9821,25.9704,44.35,87,75,14.97,broken clouds
115,Rawson,AR,-43.3002,-65.1023,63.19,30,1,19.48,clear sky
116,Hasaki,JP,35.7333,140.8333,54.28,77,100,17.58,overcast clouds
117,Westport,US,41.1415,-73.3579,76.44,56,5,1.01,clear sky
118,Puerto Del Rosario,ES,28.5004,-13.8627,76.75,57,20,16.11,few clouds
119,Lebu,CL,-37.6167,-73.65,52.79,96,100,9.13,overcast clouds
120,Isangel,VU,-19.55,169.2667,74.3,88,99,11.95,overcast clouds
121,Svetlyy,RU,54.675,20.1347,55.45,71,0,19.1,clear sky
122,Pevek,RU,69.7008,170.3133,28.42,95,100,30.24,snow
123,Colesberg,ZA,-30.72,25.0972,73.29,7,51,11.39,broken clouds
124,Dawei,MM,14.0833,98.2,75.81,92,99,3.78,overcast clouds
125,Wahiawa,US,21.5028,-158.0236,76.19,82,56,4.83,broken clouds
126,Chuy,UY,-33.6971,-53.4616,61.0,97,100,5.93,moderate rain
127,Caravelas,BR,-17.7125,-39.2481,83.26,55,91,8.84,overcast clouds
128,Mitu,CO,1.1983,-70.1733,92.61,45,85,1.68,overcast clouds
129,Tombouctou,ML,20.0,-3.0,99.18,13,31,8.7,scattered clouds
130,Poronaysk,RU,49.2167,143.1167,35.17,66,7,8.48,clear sky
131,Villanueva,HN,15.3167,-88.0,84.83,63,73,5.84,broken clouds
132,The Valley,AI,18.217,-63.0578,85.1,75,13,17.6,few clouds
133,Nuuk,GL,64.1835,-51.7216,34.41,80,75,1.14,broken clouds
134,Ponta Delgada,PT,37.7333,-25.6667,72.32,73,20,12.66,few clouds
135,Namikupa,TZ,-10.8333,39.6,69.66,75,2,5.12,clear sky
136,Airai,TL,-8.9266,125.4092,60.44,90,89,2.51,overcast clouds
137,Emerald,AU,-23.5333,148.1667,62.35,86,1,12.44,clear sky
138,Acari,PE,-15.4311,-74.6158,75.31,48,37,10.56,scattered clouds
139,Port Lincoln,AU,-34.7333,135.8667,52.97,71,0,11.5,clear sky
140,Pavilosta,LV,56.8879,21.1859,57.11,76,0,25.81,clear sky
141,Nishihara,JP,26.1842,127.7558,78.08,83,1,6.91,clear sky
142,San Cristobal,VE,7.7669,-72.225,79.41,62,100,5.35,overcast clouds
143,Novyy Starodub,UA,48.5158,33.1733,57.6,48,53,7.92,broken clouds
144,Norman Wells,CA,65.282,-126.8329,44.85,63,43,4.52,scattered clouds
145,Clarksburg,US,39.2807,-80.3445,71.71,65,68,6.06,broken clouds
146,Hofn,IS,64.2539,-15.2082,44.29,64,76,10.45,broken clouds
147,Mujiayingzi,CN,42.1167,118.7833,38.71,31,0,6.4,clear sky
148,Fortuna,US,40.5982,-124.1573,55.74,52,78,3.78,broken clouds
149,Northam,GB,51.0333,-4.2167,59.25,87,20,16.8,few clouds
150,Qaanaaq,GL,77.484,-69.3632,15.08,89,100,7.38,overcast clouds
151,Riyadh,SA,24.6877,46.7219,86.14,12,0,6.64,clear sky
152,Inhambane,MZ,-23.865,35.3833,73.89,87,0,13.11,clear sky
153,Eyl,SO,7.9803,49.8164,79.11,76,72,19.48,broken clouds
154,Sibolga,ID,1.7427,98.7792,75.09,92,100,2.35,overcast clouds
155,Saldanha,ZA,-33.0117,17.9442,59.92,85,15,11.12,few clouds
156,Tiksi,RU,71.6872,128.8694,19.27,87,100,25.46,overcast clouds
157,Vila,PT,42.0304,-8.1588,67.69,57,11,2.73,few clouds
158,Guhagar,IN,17.4842,73.1929,77.02,88,100,3.44,overcast clouds
159,Lorengau,PG,-2.0226,147.2712,80.26,82,100,9.93,overcast clouds
160,Berdigestyakh,RU,62.0989,126.6992,19.4,91,100,8.14,overcast clouds
161,Ukiah,US,39.1502,-123.2078,82.65,45,91,2.42,overcast clouds
162,Nemuro,JP,43.3236,145.575,49.73,68,70,9.06,broken clouds
163,College,US,64.8569,-147.8028,48.9,84,97,3.53,overcast clouds
164,Torbay,CA,47.6666,-52.7314,61.16,85,99,5.01,overcast clouds
165,Ilulissat,GL,69.2167,-51.1,24.93,63,100,4.05,overcast clouds
166,New Norfolk,AU,-42.7826,147.0587,56.7,78,100,1.63,moderate rain
167,Cameta,BR,-2.2444,-49.4958,92.79,46,51,6.2,broken clouds
168,Dukat,RU,62.55,155.55,13.8,94,100,11.68,light snow
169,Grand Gaube,MU,-20.0064,57.6608,72.37,67,48,8.01,scattered clouds
170,Coihaique,CL,-45.5752,-72.0662,46.44,68,98,11.16,overcast clouds
171,Los Llanos De Aridane,ES,28.6585,-17.9182,71.35,92,20,14.97,few clouds
172,Port Pirie,AU,-33.1833,138.0167,57.29,92,100,10.42,overcast clouds
173,Bara,NG,10.3744,10.7288,75.9,73,100,3.65,overcast clouds
174,Yerbogachen,RU,61.2767,108.0108,28.22,92,97,2.86,overcast clouds
175,Castro,BR,-24.7911,-50.0119,66.18,92,100,1.21,overcast clouds
176,Baoning,CN,25.3378,110.026,61.61,73,96,4.97,overcast clouds
177,Deputatskiy,RU,69.3,139.9,6.44,93,45,8.93,scattered clouds
178,Saskylakh,RU,71.9167,114.0833,18.23,91,100,16.42,overcast clouds
179,Poum,NC,-20.2333,164.0167,74.53,66,59,8.99,broken clouds
180,Southbridge,US,42.0751,-72.0334,74.43,66,5,3.11,clear sky
181,Kuching,MY,1.55,110.3333,77.22,94,40,0.0,light rain
182,Yellowknife,CA,62.456,-114.3525,46.56,65,73,8.01,broken clouds
183,Gimli,CA,50.6336,-96.9907,38.55,56,88,14.74,overcast clouds
184,Port Hardy,CA,50.6996,-127.4199,58.78,88,55,2.66,broken clouds
185,Saryg-Sep,RU,51.5,95.6,32.23,80,100,2.77,overcast clouds
186,Whitianga,NZ,-36.8333,175.7,40.6,63,0,4.16,clear sky
187,Hilo,US,19.7297,-155.09,84.27,81,88,6.42,overcast clouds
188,Dudinka,RU,69.4058,86.1778,28.02,85,100,9.75,overcast clouds
189,Guerrero Negro,MX,27.9769,-114.0611,73.62,71,40,10.07,scattered clouds
190,Alugan,PH,12.2188,125.4808,80.87,81,99,2.8,overcast clouds
191,Oriximina,BR,-1.7656,-55.8661,100.38,26,73,9.75,broken clouds
192,Padang,ID,-0.9492,100.3543,71.65,91,100,4.72,light rain
193,Butaritari,KI,3.0707,172.7902,81.61,77,23,16.69,light rain
194,Esperance,AU,-33.8667,121.9,54.68,61,100,13.67,overcast clouds
195,Totness,SR,5.8833,-56.3167,87.12,64,19,12.44,few clouds
196,Broken Hill,AU,-31.95,141.4333,58.82,76,99,17.45,light rain
197,Beringovskiy,RU,63.05,179.3167,38.88,72,6,30.09,clear sky
198,Kaeo,NZ,-35.1,173.7833,44.33,93,7,3.67,clear sky
199,East London,ZA,-33.0153,27.9116,64.69,70,94,9.04,overcast clouds
200,Belyy Yar,RU,53.6039,91.3903,33.69,81,0,4.47,clear sky
201,Kudahuvadhoo,MV,2.6708,72.8944,81.5,77,75,17.96,broken clouds
202,Mahebourg,MU,-20.4081,57.7,72.25,71,56,15.3,broken clouds
203,Teguldet,RU,57.3064,88.1667,29.44,93,87,3.04,overcast clouds
204,Tezu,IN,27.9167,96.1667,72.75,97,99,4.0,overcast clouds
205,Iralaya,HN,15.0,-83.2333,82.45,81,83,9.22,broken clouds
206,Hambantota,LK,6.1241,81.1185,78.64,80,100,15.86,overcast clouds
207,Nouadhibou,MR,20.931,-17.0347,76.95,66,9,21.14,clear sky
208,Longyearbyen,SJ,78.2186,15.6401,37.24,75,40,18.41,scattered clouds
209,Morros,BR,-9.4467,-46.3003,101.91,14,54,8.41,broken clouds
210,Jericho,PS,31.8667,35.45,80.67,51,0,6.93,clear sky
211,Nikolskoye,RU,59.7035,30.7861,53.8,82,84,13.38,broken clouds
212,Bambous Virieux,MU,-20.3428,57.7575,72.21,70,70,15.66,broken clouds
213,Yenagoa,NG,4.9247,6.2642,75.36,90,100,4.92,moderate rain
214,Oranjemund,NA,-28.55,16.4333,58.62,82,100,17.65,overcast clouds
215,Jalu,LY,29.0331,21.5482,77.41,33,0,9.35,clear sky
216,Uyuni,BO,-20.4597,-66.825,52.23,6,0,15.97,clear sky
217,Nakanojo,JP,36.5833,138.85,55.92,95,95,2.93,moderate rain
218,Ihosy,MG,-22.4,46.1167,68.74,66,0,9.48,clear sky
219,Manama,BH,26.2154,50.5832,87.78,74,0,8.05,clear sky
220,Krasnokamensk,RU,50.0979,118.0369,26.1,55,17,2.89,few clouds
221,Kavieng,PG,-2.5744,150.7967,81.81,75,99,16.28,light rain
222,Wanning,CN,18.8003,110.3967,78.57,89,41,7.27,scattered clouds
223,Ayan,RU,56.45,138.1667,36.05,57,99,13.62,overcast clouds
224,Basco,PH,20.4487,121.9702,82.72,76,16,15.64,few clouds
225,Diffa,NE,13.3154,12.6113,92.43,22,100,6.08,overcast clouds
226,Provideniya,RU,64.3833,-173.3,39.78,78,9,35.19,light rain
227,Mandalgovi,MN,45.7625,106.2708,36.95,30,86,4.43,overcast clouds
228,Luanda,AO,-8.8368,13.2343,74.86,81,13,11.41,few clouds
229,Maralal,KE,1.0968,36.698,64.6,60,86,11.88,overcast clouds
230,Hoquiam,US,46.9809,-123.8893,64.92,87,0,9.22,clear sky
231,Nazilli,TR,37.9163,28.3223,66.9,48,15,6.11,few clouds
232,Tuy Hoa,VN,13.0833,109.3,76.44,92,98,3.8,overcast clouds
233,Roma,US,43.2128,-75.4557,75.09,58,80,1.01,broken clouds
234,Yumen,CN,40.2833,97.2,48.6,38,0,13.42,clear sky
235,Clyde River,CA,70.4692,-68.5914,19.87,76,65,3.53,broken clouds
236,Banjarmasin,ID,-3.3244,114.591,75.34,92,93,1.72,overcast clouds
237,Buri,BR,-23.7975,-48.5928,88.09,40,96,14.67,overcast clouds
238,Talnakh,RU,69.4865,88.3972,19.04,96,99,6.6,overcast clouds
239,Roald,NO,62.5833,6.1333,54.75,81,75,33.38,light intensity shower rain
240,Cayenne,GF,4.9333,-52.3333,91.44,52,0,16.11,clear sky
241,Tilichiki,RU,60.4667,166.1,30.76,64,44,11.88,scattered clouds
242,Watsa,CD,3.0372,29.5355,65.84,95,81,2.37,light rain
243,Noumea,NC,-22.2763,166.4572,72.0,99,76,7.05,broken clouds
244,Gisborne,NZ,-38.6533,178.0042,39.22,62,5,8.9,clear sky
245,Dingle,PH,10.9995,122.6711,76.08,92,100,6.76,overcast clouds
246,Lethem,GY,3.3803,-59.7968,88.86,55,51,3.69,broken clouds
247,Temiscaming,CA,46.7212,-79.0971,60.35,69,83,11.07,light rain
248,Mehamn,NO,71.0357,27.8492,44.55,87,75,14.97,broken clouds
249,Bethel,US,41.3712,-73.414,75.42,54,0,3.44,clear sky
250,Mvuma,ZW,-19.2792,30.5283,69.96,25,0,7.67,clear sky
251,Hithadhoo,MV,-0.6,73.0833,80.91,80,24,17.85,few clouds
252,Tasiilaq,GL,65.6145,-37.6368,39.36,72,99,2.55,overcast clouds
253,Codrington,AU,-38.2667,141.9667,53.94,97,95,9.82,moderate rain
254,Kirkland Lake,CA,48.1446,-80.0377,43.09,93,100,0.0,light rain
255,Victoria,HK,22.2855,114.1577,83.32,79,10,11.01,clear sky
256,Yulara,AU,-25.2406,130.9889,62.73,67,11,10.78,few clouds
257,Santa Maria,BR,-29.6842,-53.8069,69.55,89,99,6.17,overcast clouds
258,Thunder Bay,CA,48.4001,-89.3168,44.58,65,75,19.57,broken clouds
259,Hualmay,PE,-11.0964,-77.6139,66.61,68,58,10.98,broken clouds
260,Vagur,FO,61.4732,-6.8119,48.63,84,57,27.36,light rain
261,Turukhansk,RU,65.8167,87.9833,29.75,95,100,6.13,overcast clouds
262,Ribeira Grande,PT,38.5167,-28.7,75.6,78,20,4.61,few clouds
263,Key West,US,24.5557,-81.7826,89.6,70,75,13.8,broken clouds
264,Kaitangata,NZ,-46.2817,169.8464,38.48,87,85,6.91,overcast clouds
265,Albanel,CA,48.8832,-72.4487,54.23,81,89,8.61,overcast clouds
266,Narsaq,GL,60.9167,-46.05,41.22,70,0,1.28,clear sky
267,Huittinen,FI,61.1833,22.7,50.85,79,43,10.85,scattered clouds
268,Vendas Novas,PT,38.6771,-8.4579,76.41,36,100,6.04,overcast clouds
269,Fort Nelson,CA,58.8053,-122.7002,58.03,47,40,2.48,scattered clouds
270,Andenes,NO,69.3143,16.1194,46.92,76,100,33.38,overcast clouds
271,Kushnarenkovo,RU,55.105,55.3508,44.91,89,70,6.93,broken clouds
272,Tutoia,BR,-2.7619,-42.2744,84.7,64,63,15.99,broken clouds
273,Banda Aceh,ID,5.5577,95.3222,76.64,89,100,7.76,moderate rain
274,Nanchang,CN,28.6833,115.8833,57.94,82,100,7.61,overcast clouds
275,Ouadda,CF,8.0777,22.4007,70.29,92,89,1.97,light rain
276,Jacareacanga,BR,-6.2222,-57.7528,104.86,21,42,4.85,scattered clouds
277,Cap Malheureux,MU,-19.9842,57.6142,72.46,67,36,8.01,scattered clouds
278,Kadaya,RU,50.9327,119.2911,23.32,58,2,1.3,clear sky
279,Asau,RO,46.4333,26.4,51.28,66,100,4.43,overcast clouds
280,Alice Springs,AU,-23.7,133.8833,67.55,42,81,8.05,broken clouds
281,Portland,US,45.5234,-122.6762,69.78,77,20,6.91,few clouds
282,Kingsville,US,27.5159,-97.8561,87.06,52,40,6.91,scattered clouds
283,Naze,JP,28.3667,129.4833,72.9,75,19,4.21,few clouds
284,Srednekolymsk,RU,67.45,153.6833,22.53,93,100,15.55,overcast clouds
285,Alta Floresta,BR,-9.8756,-56.0861,93.56,30,53,2.08,broken clouds
286,Lata,PT,40.1629,-8.3327,79.92,47,100,3.56,overcast clouds
287,Mount Gambier,AU,-37.8333,140.7667,53.4,99,100,5.7,light rain
288,Sivas,TR,39.7916,37.0019,48.83,87,0,9.22,clear sky
289,Santa Marinella,IT,42.0345,11.8536,70.7,68,100,9.37,overcast clouds
290,Karratha,AU,-20.7377,116.8463,74.95,37,5,10.54,clear sky
291,San Quintin,MX,30.4833,-115.95,70.57,75,87,6.22,overcast clouds
292,Lumberton,US,34.6182,-79.0086,81.32,44,3,5.41,clear sky
293,San Ignacio,BZ,17.1561,-89.0714,86.14,66,40,4.61,scattered clouds
294,Moerai,PF,-22.4333,-151.3333,72.95,76,37,19.19,light rain
295,Panacan,PH,9.2463,118.4082,80.65,85,100,5.84,overcast clouds
296,Kahului,US,20.8947,-156.47,80.62,79,40,9.22,scattered clouds
297,Nanortalik,GL,60.1432,-45.2371,36.9,71,2,13.27,clear sky
298,Amot,NO,59.5714,7.9877,43.75,87,97,19.01,overcast clouds
299,Moussoro,TD,13.6408,16.4901,96.69,17,25,3.89,scattered clouds
300,Malakwal,PK,32.5536,73.2123,77.95,48,0,5.37,clear sky
301,Oberndorf,DE,48.2905,8.5722,55.65,91,96,3.56,overcast clouds
302,Katsuura,JP,35.1333,140.3,59.81,87,100,16.06,light rain
303,Sakakah,SA,29.9697,40.2064,87.66,16,21,3.0,few clouds
304,Touros,BR,-5.1989,-35.4608,83.32,66,0,13.65,clear sky
305,Jieshi,CN,22.8134,115.8257,79.03,81,65,14.9,broken clouds
306,San Anselmo,US,37.9747,-122.5616,79.86,71,0,4.0,clear sky
307,Aksu,CN,41.1231,80.2644,59.58,30,100,4.74,overcast clouds
308,Jimani,DO,18.4917,-71.8502,92.77,48,45,8.23,scattered clouds
309,Hamilton,US,39.1834,-84.5333,76.59,43,40,6.91,scattered clouds
310,Pindiga,NG,9.9833,10.9333,74.61,73,88,3.91,overcast clouds
311,Nyrob,RU,60.733,56.7202,43.5,96,100,2.48,overcast clouds
312,Pahrump,US,36.2083,-115.9839,86.85,18,0,1.99,clear sky
313,Gizo,SB,-8.103,156.8419,81.37,71,88,4.97,overcast clouds
314,Jawhar,SO,2.7809,45.5005,76.95,79,86,15.79,overcast clouds
315,Fukue,JP,32.6881,128.8419,67.6,81,100,18.7,light rain
316,Qarqin,AF,37.4185,66.0436,60.91,17,0,4.05,clear sky
317,Takoradi,GH,4.8845,-1.7554,77.31,84,86,10.63,overcast clouds
318,Muroto,JP,33.2833,134.15,66.83,89,100,11.05,overcast clouds
319,Namatanai,PG,-3.6667,152.4333,80.31,73,94,11.95,overcast clouds
320,Impfondo,CG,1.6381,18.0667,71.44,98,100,2.51,light rain
321,Brigantine,US,39.4101,-74.3646,74.19,72,20,10.0,few clouds
322,Menongue,AO,-14.6585,17.691,77.18,15,56,5.99,broken clouds
323,Biltine,TD,14.5333,20.9167,92.95,18,88,9.19,overcast clouds
324,Rafiganj,IN,24.8167,84.65,78.94,88,31,7.4,scattered clouds
325,Nanning,CN,22.8167,108.3167,76.21,85,36,3.8,scattered clouds
326,Phan Thiet,VN,10.9333,108.1,77.43,87,100,3.74,overcast clouds
327,Batagay,RU,67.6333,134.6333,6.69,99,83,2.08,broken clouds
328,Dzaoudzi,YT,-12.7887,45.2699,76.89,78,0,5.75,clear sky
329,Teya,RU,60.3778,92.6267,31.33,99,100,0.92,overcast clouds
330,Tall Kayf,TR,37.0833,41.0667,76.39,15,0,9.22,clear sky
331,Uige,AO,-7.6087,15.0613,69.69,91,88,3.83,moderate rain
332,Kavaratti,IN,10.5669,72.642,81.5,75,98,18.41,overcast clouds
333,Biograd Na Moru,HR,43.9433,15.4519,67.75,77,94,10.11,overcast clouds
334,Barao De Melgaco,BR,-16.1944,-55.9675,100.33,25,60,8.03,broken clouds
335,Skjervoy,NO,70.0311,20.9714,50.0,89,100,23.49,light rain
336,Faanui,PF,-16.4833,-151.75,77.83,78,38,26.82,light rain
337,Sioux Lookout,CA,50.1001,-91.917,33.87,93,75,9.22,broken clouds
338,Granadilla De Abona,ES,28.1188,-16.576,69.19,75,75,6.91,broken clouds
339,Ancud,CL,-41.8697,-73.8203,48.16,81,100,12.55,overcast clouds
340,Jerusalem,IL,31.769,35.2163,70.0,75,0,1.99,clear sky
341,Flinders,AU,-34.5833,150.8552,61.38,93,64,4.0,broken clouds
342,Namibe,AO,-15.1961,12.1522,63.52,86,51,8.46,broken clouds
343,Kothi,IN,24.75,80.7833,76.15,88,52,9.04,broken clouds
344,Ouesso,CG,1.6136,16.0517,71.56,97,95,2.28,moderate rain
345,San Policarpo,PH,12.1791,125.5072,81.5,79,98,3.02,light rain
346,Astana,KZ,51.1801,71.446,46.35,61,0,2.24,clear sky
347,Vyartsilya,RU,62.1764,30.693,49.6,100,100,11.65,overcast clouds
348,Kutum,SD,14.2,24.6667,85.62,19,80,14.05,broken clouds
349,Abay,KZ,49.6311,72.8539,51.06,52,34,6.55,scattered clouds
350,Sao Joaquim,BR,-28.2939,-49.9317,54.18,95,100,11.68,overcast clouds
351,San Jeronimo,PE,-11.9472,-75.2829,67.15,21,81,2.86,broken clouds
352,Bredy,RU,52.4153,60.3411,51.85,38,100,5.59,overcast clouds
353,Arlit,NE,18.7369,7.3853,97.79,12,42,10.69,scattered clouds
354,Uribia,CO,11.7139,-72.266,79.63,78,100,5.68,overcast clouds
355,Kruisfontein,ZA,-34.0033,24.7314,58.89,82,91,7.38,overcast clouds
356,Balagansk,RU,54.0103,103.0544,26.22,90,99,3.53,overcast clouds
357,Chipinge,ZW,-20.1883,32.6236,70.27,52,1,9.15,clear sky
358,Egvekinot,RU,66.3167,-179.1667,25.16,82,100,32.61,light snow
359,Charters Towers,AU,-20.1,146.2667,67.32,89,21,12.24,few clouds
360,Matay,EG,28.419,30.7792,78.8,35,0,16.24,clear sky
361,Lang Suan,TH,9.9456,99.0785,79.18,87,100,4.21,light rain
362,Iqaluit,CA,63.7506,-68.5145,27.7,79,100,11.01,overcast clouds
363,Boyolangu,ID,-8.1181,111.8935,75.09,93,99,2.21,overcast clouds
364,Vilyuysk,RU,63.7553,121.6247,20.5,83,85,9.6,overcast clouds
365,Martapura,ID,-3.4167,114.85,75.29,100,75,1.14,mist
366,Springdale,US,36.1867,-94.1288,81.48,40,0,12.66,clear sky
367,Bengkulu,ID,-3.8004,102.2655,72.61,93,100,9.86,moderate rain
368,Coruripe,BR,-10.1256,-36.1756,81.91,65,10,12.12,clear sky
369,Smoky Lake,CA,54.1169,-112.4686,52.72,46,13,9.78,few clouds
370,Jati,PK,24.3539,68.2671,82.58,64,5,13.44,clear sky
371,Belmonte,BR,-15.8631,-38.8828,79.77,68,100,6.89,overcast clouds
372,Kilindoni,TZ,-7.9139,39.6668,76.44,75,6,16.6,clear sky
373,Brae,GB,60.3964,-1.353,51.26,79,9,25.37,clear sky
374,Petropavl,KZ,54.8753,69.1628,49.05,41,100,8.79,overcast clouds
375,Leh,IN,34.1667,77.5833,46.36,29,0,5.48,clear sky
376,Bilibino,RU,68.0546,166.4372,21.56,96,100,4.05,overcast clouds
377,Sesheke,ZM,-17.4759,24.2968,80.02,14,0,6.55,clear sky
378,Kenora,CA,49.8167,-94.4337,35.78,64,99,11.01,overcast clouds
379,Tallahassee,US,30.4383,-84.2807,84.99,35,0,4.61,clear sky
380,Nome,US,64.5011,-165.4064,42.87,76,100,23.02,overcast clouds
381,Upernavik,GL,72.7868,-56.1549,25.43,94,100,8.66,light snow
382,Bougouni,ML,11.417,-7.479,81.7,71,30,2.37,scattered clouds
383,Bukama,CD,-9.2,25.85,82.18,33,81,3.33,broken clouds
384,Kitob,UZ,39.0843,66.8332,58.5,21,0,3.58,clear sky
385,Ostersund,SE,63.1792,14.6357,48.65,71,0,13.0,clear sky
386,Antalya,TR,36.7741,30.7178,75.79,60,75,5.75,broken clouds
387,Hervey Bay,AU,-25.2986,152.8535,67.98,70,28,11.43,scattered clouds
388,Alofi,NU,-19.0595,-169.9187,76.35,78,97,15.28,overcast clouds
389,Mae Hong Son,TH,19.3003,97.9685,72.43,94,41,1.66,scattered clouds
390,Lalawigan,PH,11.5892,125.4697,80.6,83,85,3.02,light rain
391,Jambi,ID,-1.6,103.6167,73.08,97,100,3.2,light rain
392,Pingshan,CN,22.9938,114.7131,74.75,90,3,3.56,clear sky
393,Severo-Yeniseyskiy,RU,60.3725,93.0408,27.39,98,96,1.25,overcast clouds
394,Vondrozo,MG,-22.8167,47.2833,61.29,97,1,1.63,clear sky
395,Liverpool,GB,53.4106,-2.9779,61.14,81,20,20.71,few clouds
396,Maryborough,AU,-25.5333,152.7,66.49,68,39,5.48,scattered clouds
397,Palaikastron,GR,35.2,26.25,69.21,70,20,31.56,few clouds
398,Zhigansk,RU,66.7697,123.3711,18.81,90,95,15.28,overcast clouds
399,Tsaratanana,MG,-16.7833,47.65,70.11,55,0,8.55,clear sky
400,Talmenka,RU,53.8183,83.5677,32.38,86,15,5.21,few clouds
401,Okha,RU,53.5739,142.9478,36.84,74,99,16.37,light rain
402,Bundibugyo,UG,0.7414,30.0417,70.47,83,60,3.33,broken clouds
403,Kondinskoye,RU,59.6481,67.41,45.14,66,100,7.81,overcast clouds
404,San Patricio,US,28.017,-97.5169,88.07,38,59,10.67,broken clouds
405,Okhotsk,RU,59.3833,143.3,28.38,58,100,10.92,overcast clouds
406,Mazamari,PE,-11.3258,-74.5308,90.12,48,78,3.38,broken clouds
407,Ipixuna,BR,-1.7625,-48.8043,92.73,46,65,7.78,broken clouds
408,Damghan,IR,36.1683,54.348,67.23,45,0,4.72,clear sky
409,Bradford,GB,53.7939,-1.7521,60.49,78,40,16.11,scattered clouds
410,Palasa,IN,18.7667,84.4167,77.86,90,100,3.8,heavy intensity rain
411,Jieshou,CN,33.2634,115.3611,47.98,92,100,1.95,overcast clouds
412,Sao Felix Do Xingu,BR,-6.6447,-51.995,92.03,35,55,4.43,broken clouds
413,Ampanihy,MG,-24.7,44.75,74.41,58,0,4.97,clear sky
414,Victor Harbor,AU,-35.5667,138.6167,54.68,88,75,10.07,broken clouds
415,Diego De Almagro,CL,-26.3667,-70.05,80.2,4,0,10.71,clear sky
416,Humaita,BR,-7.5061,-63.0208,103.41,24,44,6.73,scattered clouds
417,Guarapari,BR,-20.6667,-40.4975,76.57,80,83,12.46,broken clouds
418,Santa Barbara,US,34.7333,-120.0343,84.34,18,0,5.88,clear sky
419,Port Augusta,AU,-32.5,137.7667,59.85,82,88,8.61,overcast clouds
420,Buloh Kasap,MY,2.5536,102.764,75.99,95,99,2.26,light rain
421,Ferme-Neuve,CA,46.7001,-75.4493,67.33,50,82,9.55,broken clouds
422,Meiktila,MM,20.8667,95.8667,77.09,84,21,3.22,few clouds
423,Ust-Karsk,RU,52.7011,118.8077,25.27,70,8,2.75,clear sky
424,Makakilo City,US,21.3469,-158.0858,79.12,71,0,8.05,clear sky
425,Peniche,PT,39.3558,-9.3811,72.09,68,99,7.61,overcast clouds
426,Altay,CN,47.8667,88.1167,40.28,53,6,4.83,clear sky
427,Antofagasta,CL,-23.65,-70.4,60.08,54,3,9.55,clear sky
428,Xingyi,CN,24.1877,102.817,58.33,96,73,3.2,broken clouds
429,Albert,FR,50.0009,2.651,59.52,71,40,4.61,scattered clouds
430,Kungurtug,RU,50.5994,97.5228,28.92,87,99,3.56,light snow
431,Chicama,PE,-7.8447,-79.1469,61.34,58,30,11.52,scattered clouds
432,Kloulklubed,PW,7.0419,134.2556,77.5,73,35,7.61,scattered clouds
433,Komyshnya,UA,50.1859,33.684,52.92,74,30,7.72,scattered clouds
434,Soe,ID,-9.8607,124.284,67.37,91,70,3.49,broken clouds
435,Kissimmee,US,28.3047,-81.4167,85.19,41,0,8.05,clear sky
436,Pringsewu,ID,-5.3582,104.9744,73.35,97,100,0.78,moderate rain
437,Knysna,ZA,-34.0363,23.0471,58.35,79,98,5.3,overcast clouds
438,Klaksvik,FO,62.2266,-6.589,49.12,77,66,26.84,broken clouds
439,Atambua,ID,-9.1061,124.8925,74.82,86,76,3.94,broken clouds
440,Baykit,RU,61.67,96.37,28.04,97,88,1.52,overcast clouds
441,Ulagan,RU,50.6321,87.9563,32.88,97,97,2.77,overcast clouds
442,Rocha,UY,-34.4833,-54.3333,58.23,99,100,5.46,overcast clouds
443,Wilmington,US,34.2257,-77.9447,80.51,51,0,8.05,clear sky
444,Tautira,PF,-17.7333,-149.15,76.28,79,64,24.7,light rain
445,Goroka,PG,-6.0834,145.3873,60.24,98,100,1.36,overcast clouds
446,Sadovoye,RU,47.7764,44.5089,55.15,55,9,5.17,clear sky
447,Kamenka,RU,51.3223,42.7678,50.07,84,89,5.95,overcast clouds
448,Port Hawkesbury,CA,45.6169,-61.3485,59.97,99,100,8.05,moderate rain
449,Ust-Ordynskiy,RU,52.805,104.7508,29.3,87,99,2.62,overcast clouds
450,Najran,SA,17.4924,44.1277,79.54,19,91,5.06,overcast clouds
451,Penzance,GB,50.1186,-5.5371,59.77,88,51,17.98,broken clouds
452,Dongsheng,CN,39.8161,109.9776,43.47,38,0,7.31,clear sky
453,Hailar,CN,49.2,119.7,24.91,57,8,4.12,clear sky
454,Bazaliya,UA,49.7127,26.4733,54.28,90,100,7.49,overcast clouds
455,Wufeng,CN,27.45,104.8333,45.16,93,100,2.3,overcast clouds
456,Khandyga,RU,62.6667,135.6,15.19,84,98,0.6,overcast clouds
457,Palana,RU,59.1167,159.9667,32.13,60,100,23.53,overcast clouds
458,Santa Marta,CO,11.2408,-74.199,76.57,95,96,13.85,overcast clouds
459,Nelson Bay,AU,-32.7167,152.15,61.0,91,42,8.01,scattered clouds
460,Ambilobe,MG,-13.2,49.05,73.17,74,14,5.95,few clouds
461,Stornoway,GB,58.2093,-6.3865,52.03,89,40,14.97,scattered clouds
462,Seoul,KR,37.5683,126.9778,56.64,81,100,5.79,light rain
463,Caceres,ES,39.522,-6.3748,79.14,33,100,10.56,overcast clouds
464,Guanica,PR,17.9716,-66.908,91.69,64,76,16.71,broken clouds
465,Mbuji-Mayi,CD,-6.15,23.6,78.1,62,86,2.86,overcast clouds
466,Port Macquarie,AU,-31.4333,152.9167,53.89,93,51,8.05,broken clouds
467,Vestmannaeyjar,IS,63.4427,-20.2734,45.59,61,0,17.27,clear sky
468,High Prairie,CA,55.4334,-116.4858,53.82,54,5,4.03,clear sky
469,Rancho Palos Verdes,US,33.7445,-118.387,78.08,86,76,4.0,broken clouds
470,Texas City,US,29.3838,-94.9027,89.11,55,20,10.36,few clouds
471,Lazaro Cardenas,MX,17.9583,-102.2,84.61,67,33,4.74,scattered clouds
472,Halifax,CA,44.6453,-63.5724,60.51,98,100,6.91,light rain
473,Lakatoro,VU,-16.0999,167.4164,77.13,84,77,6.73,broken clouds
474,Meulaboh,ID,4.1363,96.1285,75.74,90,100,2.48,light rain
475,Anloga,GH,5.7947,0.8973,78.4,85,48,15.97,scattered clouds
476,High Level,CA,58.5169,-117.136,44.71,76,40,4.61,scattered clouds
477,Alegrete,BR,-29.7831,-55.7919,65.61,94,100,9.04,overcast clouds
478,Oudtshoorn,ZA,-33.5907,22.2014,59.36,70,87,6.6,overcast clouds
479,Villamontes,BO,-21.25,-63.5,85.53,26,51,11.1,broken clouds
480,Marawi,PH,7.9986,124.2928,69.28,93,78,2.71,broken clouds
481,Gamba,GA,-2.65,10.0,76.32,82,82,9.08,broken clouds
482,Tarauaca,BR,-8.1614,-70.7656,93.97,42,51,4.12,broken clouds
483,Daru,PG,-9.0763,143.2092,79.43,88,100,17.38,overcast clouds
484,Timizart,DZ,36.8,4.2667,70.95,63,99,4.18,overcast clouds
485,Owando,CG,-0.4819,15.8999,71.47,98,100,3.58,light rain
486,Lavrentiya,RU,65.5833,-171.0,38.59,78,8,29.01,clear sky
487,Dunedin,NZ,-45.8742,170.5036,40.46,80,82,12.77,broken clouds
488,Kota Kinabalu,MY,5.9749,116.0724,76.98,94,20,2.3,few clouds
489,Pareora,NZ,-44.4871,171.2132,37.18,64,1,4.0,clear sky
490,Thai Binh,VN,20.45,106.3333,77.59,87,3,6.11,clear sky
491,Soke,ML,13.598,-5.9386,88.02,51,28,3.49,scattered clouds
492,Duncan,US,34.5023,-97.9578,88.38,28,100,5.75,overcast clouds
493,Coquimbo,CL,-29.9533,-71.3436,65.93,63,0,17.27,clear sky
494,Kathu,TH,7.9178,98.3332,78.62,78,100,1.5,overcast clouds
495,Auch,FR,43.65,0.5833,66.34,81,55,3.11,broken clouds
496,Chernyshevskiy,RU,63.0128,112.4714,21.9,80,55,2.93,broken clouds
497,Gouyave,GD,12.1646,-61.7296,79.68,82,100,13.35,overcast clouds
498,Kununurra,AU,-15.7667,128.7333,78.78,78,40,4.61,scattered clouds
499,Coxim,BR,-18.5067,-54.76,96.03,33,74,12.53,broken clouds
500,Matias Olimpio,BR,-3.7158,-42.5556,104.14,15,68,7.81,broken clouds
501,Shatrovo,RU,56.5167,64.6333,51.73,39,100,10.04,overcast clouds
502,Yining,CN,29.0361,114.5636,54.05,91,100,2.21,overcast clouds
503,Cidreira,BR,-30.1811,-50.2056,63.43,96,100,18.16,overcast clouds
504,Taoudenni,ML,22.6783,-3.9836,102.69,11,15,3.22,few clouds
505,Quatre Cocos,MU,-20.2078,57.7625,72.09,69,79,15.95,broken clouds
506,Altos Del Rosario,CO,8.7944,-74.1658,85.33,71,89,1.1,overcast clouds
507,Vila Franca Do Campo,PT,37.7167,-25.4333,72.01,73,71,7.92,broken clouds
508,Pouembout,NC,-21.1333,164.9,70.52,74,70,4.5,broken clouds
509,Huancavelica,PE,-12.7667,-74.9833,56.08,17,100,8.39,overcast clouds
510,Ibra,OM,22.6906,58.5334,81.16,44,2,5.1,clear sky
511,Lichtenburg,ZA,-26.152,26.1597,73.87,20,0,10.98,clear sky
512,San Rafael,AR,-34.6177,-68.3301,80.76,13,44,5.21,scattered clouds
513,Ziyang,CN,29.2497,117.8547,60.46,96,100,2.39,overcast clouds
514,Christchurch,NZ,-43.5333,172.6333,44.94,63,9,9.22,clear sky
515,Kesinga,IN,20.2,83.2333,74.23,92,94,2.37,overcast clouds
516,Borogontsy,RU,62.6683,131.1683,23.94,89,100,2.28,overcast clouds
517,Bandarbeyla,SO,9.4942,50.8122,78.4,81,73,19.42,broken clouds
518,Turayf,SA,31.6725,38.6637,81.34,23,5,11.36,clear sky
519,Binzhou,CN,37.3667,118.0167,48.29,76,13,5.14,few clouds
520,Gander,CA,48.9682,-54.5906,64.17,36,98,5.01,overcast clouds
521,Napier,NZ,-39.4833,176.9167,37.27,73,12,1.01,few clouds
522,Ouallam,NE,14.3188,2.0866,85.91,45,96,13.4,light rain
523,Kulhudhuffushi,MV,6.6221,73.07,81.79,75,100,17.65,overcast clouds
524,Baiyin,CN,36.5583,104.2081,51.22,48,89,3.78,overcast clouds
525,Neiafu,TO,-18.65,-173.9833,77.68,83,20,6.91,few clouds
526,High Rock,BS,26.6208,-78.2833,84.22,63,7,10.96,clear sky
527,French Harbor,HN,16.35,-86.4333,83.07,89,75,17.27,broken clouds
528,Campbeltown,GB,55.4258,-5.6076,57.25,89,100,25.34,overcast clouds
529,New Milford,US,40.9327,-74.0179,77.47,48,0,5.75,clear sky
530,Otacilio Costa,BR,-27.4831,-50.1219,57.11,99,100,4.32,overcast clouds
531,Quelimane,MZ,-17.8786,36.8883,76.95,88,0,8.05,clear sky
532,Cocorit,MX,27.5833,-109.9667,93.54,31,0,3.85,clear sky
533,Gornopravdinsk,RU,60.05,69.9,46.53,84,100,6.96,overcast clouds
534,Tamworth,GB,52.634,-1.6959,60.57,81,56,8.01,broken clouds
535,Rio Grande,BR,-32.035,-52.0986,66.31,98,100,11.77,overcast clouds
536,Punuare,HN,14.7333,-85.9667,93.96,79,83,2.59,broken clouds
537,Sirok,HU,47.9333,20.2,56.25,72,100,2.3,overcast clouds
538,Jiangkou,CN,25.4872,119.1986,74.64,86,97,9.35,overcast clouds
539,Polunochnoye,RU,60.8697,60.4153,39.97,99,100,3.38,moderate rain
540,Anchorage,US,61.2181,-149.9003,57.25,63,20,18.41,few clouds
541,Kenai,US,60.5544,-151.2583,46.15,98,75,5.75,broken clouds
542,Kitaibaraki,JP,36.7833,140.75,49.14,84,88,9.15,overcast clouds
543,Lusambo,CD,-4.9667,23.45,76.84,66,95,2.04,overcast clouds
544,Portree,GB,57.4129,-6.1942,54.52,95,100,20.09,heavy intensity rain
545,Harnosand,SE,62.6323,17.9379,54.0,72,95,12.68,overcast clouds
546,Onguday,RU,50.75,86.15,38.7,97,98,0.29,overcast clouds
547,Goundam,ML,16.4145,-3.6708,102.11,13,49,10.25,scattered clouds
548,Bollnas,SE,61.3482,16.3946,52.05,66,69,15.26,broken clouds
549,Madang,PG,-5.2246,145.7966,76.95,88,100,2.39,overcast clouds
550,Cholet,FR,47.1667,-1.0,60.04,52,6,5.35,clear sky
551,Jumla,NP,29.2747,82.1838,55.15,94,100,3.76,light rain
552,Paciran,ID,-6.8767,112.3761,78.58,86,100,7.36,overcast clouds
553,Lowestoft,GB,52.4752,1.7516,61.05,70,16,12.03,few clouds
554,Kuliyapitiya,LK,7.4688,80.0401,75.27,92,86,4.63,overcast clouds
555,Betanzos,ES,43.2804,-8.2147,70.72,73,0,8.05,clear sky
556,Constitucion,CL,-35.3333,-72.4167,60.66,60,80,9.1,broken clouds
557,Alice,US,27.7523,-98.0697,86.56,48,75,6.91,broken clouds
558,Hovd,MN,48.0056,91.6419,36.07,69,83,7.74,broken clouds
559,Te Anau,NZ,-45.4167,167.7167,29.68,95,25,1.3,scattered clouds
560,Eirunepe,BR,-6.6603,-69.8736,96.94,36,69,3.11,broken clouds
561,San Ramon De La Nueva Oran,AR,-23.1322,-64.326,87.42,19,33,7.65,scattered clouds
562,Richards Bay,ZA,-28.783,32.0377,71.98,86,69,16.11,broken clouds
563,Lazo,RU,43.3817,133.9014,32.54,58,71,2.44,broken clouds
564,Malakal,SS,9.5334,31.6605,76.64,77,79,2.77,light rain
565,Molo,KE,-0.2479,35.7374,53.38,94,100,1.32,light rain
566,Tapes,BR,-30.6733,-51.3958,63.3,97,100,8.95,overcast clouds
567,West Odessa,US,31.8424,-102.4988,77.05,48,0,0.0,clear sky
568,Aksarka,RU,66.5606,67.7975,39.24,94,100,7.52,overcast clouds
569,Kolondieba,ML,11.0882,-6.8926,81.79,69,58,2.55,broken clouds
570,Kushiro,JP,42.975,144.3747,43.65,70,57,6.78,broken clouds
571,Ullapool,GB,57.8987,-5.1604,53.35,88,100,16.55,heavy intensity rain
572,Maxingal,PH,18.2149,121.6682,74.25,96,23,1.34,light rain
573,Magistralnyy,RU,56.1725,107.4458,30.81,98,100,2.73,light snow
574,Castlemaine,AU,-37.0667,144.2167,57.99,96,100,4.97,overcast clouds
575,Sorland,NO,67.667,12.6934,48.92,69,79,30.49,broken clouds
576,Hasilpur,PK,29.7122,72.5553,81.79,23,0,8.79,clear sky
577,North Platte,US,41.1239,-100.7654,60.69,63,75,9.22,broken clouds
578,Natal,BR,-5.795,-35.2094,86.22,70,40,14.97,scattered clouds
579,Meadow Lake,US,34.8014,-106.5436,63.46,73,100,4.41,overcast clouds
580,Boa Vista,BR,2.8197,-60.6733,93.18,43,40,9.22,scattered clouds
581,Gazanjyk,TM,39.2446,55.5154,67.51,10,4,10.51,clear sky
582,Zyryanka,RU,65.75,150.85,23.61,94,100,18.19,light snow
583,Aykhal,RU,66.0,111.5,7.47,99,97,3.76,overcast clouds
584,Sept-Iles,CA,50.2001,-66.3821,53.06,86,57,1.99,broken clouds
585,Elizabeth City,US,36.2946,-76.2511,78.82,53,0,6.91,clear sky
586,Mecca,SA,21.4267,39.8261,87.73,38,57,1.57,broken clouds
587,Vanimo,PG,-2.6741,141.3028,77.2,90,100,4.52,overcast clouds
588,Ekibastuz,KZ,51.6667,75.3667,54.0,47,95,5.08,overcast clouds
589,Bereda,ES,43.2686,-7.5406,64.42,94,39,5.84,scattered clouds
590,Ayolas,PY,-27.4,-56.9,69.57,85,99,15.1,overcast clouds
591,Maragogi,BR,-9.0122,-35.2225,80.26,76,33,10.04,scattered clouds
592,Ust-Kuyga,RU,70.0167,135.6,19.09,95,96,8.05,light snow
593,Biloxi,US,30.396,-88.8853,83.08,47,75,9.22,broken clouds
594,Tecoanapa,MX,16.5167,-98.75,84.24,65,100,7.65,overcast clouds
595,Carutapera,BR,-1.195,-46.02,86.18,61,71,13.67,broken clouds
596,Garhi Khairo,PK,28.0606,67.9803,83.17,27,0,3.31,clear sky
597,Boende,CD,-0.2167,20.8667,72.81,87,73,2.51,light rain
598,Tyup,KG,42.7276,78.3648,47.39,54,87,2.73,overcast clouds
599,Vila Do Maio,CV,15.1333,-23.2167,86.79,85,47,15.41,scattered clouds
600,Saint-Georges,GD,12.0564,-61.7485,76.68,94,75,13.8,broken clouds
601,Sohag,EG,26.557,31.6948,83.75,31,0,17.09,clear sky
602,De Land,US,29.0283,-81.3031,84.15,47,0,4.61,clear sky
603,Tuatapere,NZ,-46.1333,167.6833,37.22,82,77,4.0,broken clouds
604,Rondonopolis,BR,-16.4708,-54.6356,93.87,35,54,3.87,broken clouds
605,Ayr,GB,55.4627,-4.6339,58.32,88,75,17.27,broken clouds
606,Birjand,IR,32.8663,59.2211,54.07,4,0,9.22,clear sky
607,Henties Bay,NA,-22.116,14.2845,55.65,88,2,10.49,clear sky
608,Ilheus,BR,-14.7889,-39.0494,82.22,78,20,9.22,few clouds
609,Sabha,LY,27.0377,14.4283,77.38,36,0,10.29,clear sky
610,Alamosa,US,37.4695,-105.87,57.18,44,0,6.91,clear sky
611,Jibuti,DJ,11.5,42.5,82.72,50,88,10.96,overcast clouds
612,Antalaha,MG,-14.9003,50.2788,70.52,82,3,10.85,clear sky
613,Sinnamary,GF,5.3833,-52.95,86.0,64,20,15.03,few clouds
614,Huntington,US,38.4193,-82.4452,73.35,51,0,5.01,clear sky
615,Ardmore,US,34.1743,-97.1436,87.31,28,0,8.05,clear sky
616,Kamaishi,JP,39.2667,141.8833,49.8,75,63,6.49,broken clouds
617,Gibara,CU,21.1097,-76.1317,87.12,70,59,11.9,broken clouds
618,Tosya,TR,41.0155,34.0401,51.67,92,94,5.23,overcast clouds
619,Margate,GB,51.3813,1.3862,58.89,73,29,4.0,scattered clouds
620,Sangmelima,CM,2.9333,11.9833,68.56,98,56,3.47,moderate rain
621,Port-Gentil,GA,-0.7193,8.7815,78.76,83,75,14.97,broken clouds
622,Phangnga,TH,8.4509,98.5298,77.04,93,100,2.26,overcast clouds
623,Bafq,IR,31.6128,55.4107,74.82,13,0,6.42,clear sky
624,Soyo,AO,-6.1349,12.3689,77.0,79,62,12.46,broken clouds
625,Vao,NC,-22.6667,167.4833,72.03,70,97,21.41,overcast clouds
626,Bonavista,CA,48.6499,-53.1147,56.98,69,100,10.16,overcast clouds
627,Beterou,BJ,9.1992,2.2586,75.61,85,100,1.68,light rain
628,Nizhniy Odes,RU,63.6445,54.856,40.96,98,100,4.68,overcast clouds
629,Broome,US,42.2506,-75.833,75.42,57,0,5.75,clear sky
630,Nykoping,SE,58.753,17.0079,58.78,71,75,28.77,broken clouds
631,Mahon,ES,39.8885,4.2658,72.16,83,40,9.22,scattered clouds
632,Comodoro Rivadavia,AR,-45.8667,-67.5,55.26,50,75,11.5,broken clouds
633,Ostrovnoy,RU,68.0531,39.5131,46.58,89,100,31.41,light rain
634,Kangaatsiaq,GL,68.3065,-53.4641,32.04,79,100,4.34,overcast clouds
635,Pandan,PH,14.0453,124.1694,79.83,88,98,7.92,overcast clouds
636,Las Lomas,PA,8.4333,-82.4,83.5,75,92,7.36,overcast clouds
637,Magomeni,TZ,-6.8,39.25,75.22,73,33,12.46,scattered clouds
638,Ulaangom,MN,49.9811,92.0667,35.98,65,55,6.15,broken clouds
639,Guna,IN,24.65,77.3167,72.73,96,100,9.78,light rain
640,Sabang,ID,5.8933,95.3214,76.89,88,100,6.71,moderate rain
641,Kargasok,RU,59.0556,80.8572,32.4,87,96,6.64,overcast clouds
642,Razole,IN,16.4833,81.8333,78.37,89,98,7.56,overcast clouds
643,Kalemie,CD,-5.9475,29.1947,77.56,48,63,1.59,broken clouds
644,Warri,NG,5.5167,5.75,75.7,92,100,3.49,light rain
645,Mpika,ZM,-11.8343,31.4529,69.17,23,5,10.31,clear sky
646,Chumikan,RU,54.7183,135.315,32.23,68,24,17.81,few clouds
647,Champasak,LA,14.75,106.0,73.53,100,99,0.51,light rain
648,Omsukchan,RU,62.5333,155.8,15.66,94,100,7.0,light snow
649,Abu Dhabi,AE,24.4667,54.3667,87.91,84,20,4.61,few clouds
650,Berlevag,NO,70.8578,29.0864,46.2,91,100,29.17,light rain
651,Prince Rupert,CA,54.3161,-130.3201,57.29,96,20,2.3,few clouds
652,Majalengka,ID,-6.8361,108.2278,75.65,90,100,3.51,overcast clouds
653,Avera,US,33.194,-82.5271,82.54,25,0,4.38,clear sky
654,Nioro,GM,13.35,-15.75,86.7,71,25,4.68,light rain
655,Eenhana,NA,-17.4667,16.3333,81.54,14,26,5.35,scattered clouds
656,El Alto,PE,-4.2714,-81.2147,69.46,69,26,15.93,scattered clouds
657,Kodinsk,RU,58.6881,99.1844,25.75,93,64,1.59,broken clouds
658,Manggar,ID,-2.8833,108.2667,77.9,88,100,7.05,heavy intensity rain
659,Prado,BR,-17.3411,-39.2208,80.69,61,88,10.36,overcast clouds
660,Pochutla,MX,15.7432,-96.4661,89.82,61,20,5.84,few clouds
661,Tibu,CO,8.639,-72.7358,78.85,86,99,3.42,overcast clouds
662,Safford,US,32.834,-109.7076,75.11,53,0,5.75,clear sky
663,Nynashamn,SE,58.9034,17.9479,56.16,70,3,26.06,clear sky
664,Sembakung,ID,3.8167,117.25,73.56,98,89,1.39,moderate rain
665,Ayame,CI,5.6083,-3.1563,75.94,88,66,5.66,broken clouds
666,Monzon,ES,41.9108,0.1941,71.02,50,47,5.14,scattered clouds
667,Anadyr,RU,64.75,177.4833,34.3,69,0,24.61,clear sky
668,Sochi,RU,43.6,39.7303,60.89,81,32,4.59,scattered clouds
669,Iranshahr,IR,27.2025,60.6848,86.34,8,0,13.8,clear sky
670,Yaounde,CM,3.8667,11.5167,68.76,99,66,3.8,light rain
671,Santa Fe,AR,-31.6333,-60.7,70.99,52,100,8.99,overcast clouds
672,Marondera,ZW,-18.1853,31.5519,67.1,24,0,10.4,clear sky
673,Dunyapur,PK,29.7995,71.7196,81.46,22,0,5.06,clear sky
674,Caetite,BR,-14.0694,-42.475,90.52,24,99,11.99,overcast clouds
675,Bilma,NE,18.6853,12.9164,94.55,14,100,6.51,overcast clouds
676,Moindou,NC,-21.6924,165.677,71.06,71,52,3.06,broken clouds
677,Kushima,JP,31.4583,131.2333,68.27,89,73,4.41,broken clouds
678,Kyra,RU,49.5776,111.9753,31.21,56,100,5.23,overcast clouds
679,Abnub,EG,27.2696,31.1511,81.43,30,0,13.2,clear sky
680,Fethiye,TR,36.6217,29.1164,64.27,74,70,3.31,light rain
681,Sechura,PE,-5.5569,-80.8222,76.12,56,14,13.98,few clouds
682,Kutoarjo,ID,-7.7169,109.9128,75.42,93,100,2.44,overcast clouds
683,Solnechnyy,RU,50.7214,136.6319,29.91,58,1,4.32,clear sky
684,Chapais,CA,49.7834,-74.8492,42.58,86,100,8.93,overcast clouds
685,Fare,PF,-16.7,-151.0167,77.92,76,48,26.62,light rain
686,Bratsk,RU,56.1325,101.6142,30.69,96,74,4.97,broken clouds
687,Boueni,YT,-12.9025,45.0761,76.98,71,8,4.27,clear sky
688,Raudeberg,NO,61.9875,5.1352,52.47,47,94,37.45,light rain
689,Mongoumba,CF,3.6415,18.5936,72.01,98,97,2.46,overcast clouds
690,Veraval,IN,20.9,70.3667,81.66,79,28,13.56,scattered clouds
691,Palauig,PH,15.435,119.9045,80.35,76,99,4.16,overcast clouds
692,Sosenskiy,RU,54.059,35.9623,49.21,90,11,9.13,few clouds
693,Kolobovo,RU,56.702,41.3417,47.86,91,83,8.59,broken clouds
694,Grand-Santi,GF,4.25,-54.3833,99.19,27,38,4.07,scattered clouds
695,Viedma,AR,-40.8135,-62.9967,65.86,28,3,17.76,clear sky
696,Kalmunai,LK,7.4167,81.8167,81.68,76,100,6.26,overcast clouds
